;Voters;voting_before;voting_normally;voting_outside;Invalid;Valid;Rodina;Kommunisty_rosii;Pensy_za_spravedlivost;Edinaya_rasiya;Green;Grazhd_Platforma;ldpr;Parnas;Rosta;Grazhd_Sila;Yabloko;kprf;Patrioty;Sprav_rasiya
PEC ¹2315;2459;0;754;18;18;754;4.66%;1.81%;2.85%;39.38%;2.46%;0.13%;13.73%;1.81%;3.89%;0.13%;5.96%;12.56%;0.78%;7.51%
PEC ¹2316;2550;0;783;13;11;783;3.53%;2.77%;3.78%;39.55%;2.02%;0.13%;14.23%;1.13%;4.41%;0.25%;6.17%;11.84%;0.76%;8.06%
PEC ¹2317;2035;0;707;12;16;703;3.20%;1.67%;3.34%;41.72%;1.25%;0.42%;15.16%;2.50%;1.81%;0.28%;4.73%;11.96%;0.42%;9.32%
PEC ¹2318;2061;0;669;11;10;670;4.12%;2.65%;3.24%;39.41%;1.62%;0.15%;11.76%;2.50%;5.00%;0.29%;3.38%;16.32%;0.88%;7.21%
PEC ¹2319;2457;0;815;21;14;819;3.72%;2.28%;2.76%;33.01%;1.92%;0.48%;12.00%;3.84%;6.24%;0.48%;9.36%;12.97%;0.96%;8.28%
PEC ¹2320;2097;0;641;28;20;649;3.89%;3.44%;2.69%;34.83%;2.39%;0.15%;12.26%;2.39%;2.84%;0.15%;10.31%;15.25%;0.60%;5.83%
PEC ¹2321;2264;0;740;14;17;734;3.46%;2.13%;3.73%;39.28%;2.40%;0.27%;12.52%;1.60%;2.53%;0.27%;6.92%;13.58%;0.40%;8.66%
PEC ¹2322;2253;0;794;13;15;779;3.90%;1.51%;2.77%;41.18%;1.64%;0.25%;15.99%;2.90%;2.52%;0.76%;5.04%;14.11%;0.25%;5.29%
PEC ¹2323;2563;0;844;8;7;837;4.27%;1.66%;2.13%;35.78%;2.01%;0.12%;13.39%;2.61%;4.15%;0.47%;11.61%;13.63%;1.18%;6.16%
PEC ¹2324;2118;0;688;13;14;685;5.72%;2.43%;3.15%;30.62%;2.00%;0.29%;14.88%;3.15%;5.01%;0.29%;9.16%;15.02%;0.86%;5.44%
PEC ¹2325;2153;0;708;17;13;712;4.69%;0.69%;3.45%;38.48%;2.21%;0.41%;11.86%;2.62%;5.24%;0.41%;6.62%;15.17%;0.55%;5.79%
PEC ¹2326;2256;0;855;10;15;850;3.24%;2.20%;4.16%;33.41%;1.97%;0.23%;13.64%;2.20%;3.47%;0.46%;7.75%;17.23%;1.50%;6.82%
PEC ¹2327;2271;0;767;6;15;755;3.12%;2.47%;2.60%;33.12%;2.08%;0.13%;16.62%;2.86%;4.42%;0.52%;6.62%;17.01%;0.52%;5.97%
PEC ¹2328;2153;0;718;13;20;711;3.01%;2.46%;3.15%;40.36%;0.96%;0.14%;13.82%;3.28%;3.83%;0.00%;6.02%;13.82%;0.27%;6.16%
PEC ¹2329;1975;0;632;6;7;631;3.76%;3.45%;3.61%;36.21%;2.82%;0.31%;13.95%;1.41%;4.23%;0.16%;6.43%;16.14%;0.31%;6.11%
PEC ¹2330;2057;0;654;19;20;653;2.23%;2.67%;4.16%;36.55%;2.38%;0.59%;15.16%;1.93%;2.53%;0.30%;6.69%;15.16%;0.89%;5.79%
PEC ¹2331;1691;0;491;10;8;493;3.39%;3.19%;4.39%;39.32%;2.59%;0.60%;14.77%;1.80%;2.79%;0.60%;6.39%;11.58%;0.60%;6.39%
PEC ¹2332;2222;0;727;5;10;722;4.92%;1.64%;2.19%;32.65%;1.78%;0.68%;15.16%;5.87%;6.01%;0.14%;10.93%;11.75%;1.23%;3.69%
PEC ¹2333;735;0;216;6;3;217;1.36%;0.45%;5.91%;38.18%;0.45%;0.91%;15.45%;2.27%;0.45%;0.00%;7.73%;17.73%;0.91%;6.82%
PEC ¹2334;2318;0;671;18;19;668;3.93%;2.33%;2.91%;38.14%;1.46%;0.29%;13.68%;2.33%;3.78%;0.15%;7.13%;13.83%;1.02%;6.26%
PEC ¹2335;2374;0;761;22;14;769;4.09%;1.66%;3.07%;42.02%;1.79%;0.38%;16.48%;1.28%;3.32%;0.00%;5.24%;11.37%;0.77%;6.77%
PEC ¹2336;2141;0;687;15;23;679;2.85%;2.14%;2.85%;38.75%;1.57%;0.28%;16.81%;2.56%;2.56%;0.14%;8.83%;12.11%;0.71%;4.56%
PEC ¹2337;2510;0;758;12;15;755;4.16%;2.08%;1.30%;37.14%;2.08%;0.13%;10.78%;3.77%;4.16%;0.65%;12.60%;14.16%;1.17%;3.90%
PEC ¹2338;2463;0;774;20;20;773;3.66%;1.01%;2.40%;33.29%;1.64%;0.63%;15.76%;3.66%;4.67%;0.63%;9.84%;14.25%;1.13%;4.92%
PEC ¹2339;2464;0;809;18;15;812;2.30%;2.66%;3.39%;39.90%;1.57%;0.36%;14.99%;2.66%;1.69%;0.24%;6.17%;14.51%;0.60%;7.13%
PEC ¹2340;2262;0;720;30;16;733;4.27%;2.94%;1.87%;38.45%;1.47%;0.00%;12.68%;1.07%;3.07%;0.67%;5.87%;16.15%;0.27%;9.08%
PEC ¹2341;2548;0;765;4;10;759;4.29%;2.47%;2.60%;38.10%;2.60%;0.13%;9.75%;2.73%;4.16%;0.52%;8.58%;17.17%;0.65%;4.94%
PEC ¹2416;2718;0;847;4;18;833;3.53%;1.65%;3.53%;42.07%;1.06%;0.24%;19.98%;0.82%;1.88%;0.24%;3.29%;12.10%;0.71%;6.82%
PEC ¹2417;2749;0;842;8;17;833;4.82%;3.41%;2.82%;37.65%;1.29%;0.24%;17.88%;1.65%;2.24%;0.35%;3.65%;12.24%;1.29%;8.47%
PEC ¹2418;2087;0;708;4;4;708;4.78%;1.83%;4.07%;38.20%;0.98%;0.00%;19.52%;2.39%;2.53%;0.00%;3.65%;14.33%;0.84%;6.32%
PEC ¹2419;2724;0;966;13;23;956;3.88%;1.74%;2.45%;38.71%;1.12%;0.31%;15.73%;2.45%;3.17%;0.31%;3.68%;15.22%;1.84%;7.05%
PEC ¹2420;2417;0;645;15;13;647;1.67%;2.27%;4.85%;40.45%;1.36%;0.61%;19.70%;2.73%;2.27%;0.15%;5.15%;8.79%;1.67%;6.36%
PEC ¹2421;2667;0;703;7;9;700;2.54%;1.97%;3.81%;40.48%;1.13%;0.28%;18.19%;2.96%;2.68%;0.28%;2.96%;12.55%;0.42%;8.46%
PEC ¹2422;2685;0;620;5;11;610;2.74%;1.61%;2.09%;40.58%;2.74%;0.32%;19.32%;1.61%;1.93%;0.00%;3.38%;13.04%;0.48%;8.37%
PEC ¹2423;1897;0;526;42;13;555;2.82%;2.46%;3.17%;41.73%;0.53%;0.18%;18.66%;1.06%;3.17%;0.00%;2.99%;15.14%;0.53%;5.28%
PEC ¹2424;2668;0;858;23;16;864;3.18%;2.50%;2.84%;42.95%;1.48%;0.23%;16.59%;1.82%;1.93%;0.34%;3.98%;13.30%;0.68%;6.36%
PEC ¹2425;2528;0;786;20;10;776;4.45%;3.05%;1.91%;40.33%;2.16%;0.38%;13.87%;3.44%;3.56%;0.64%;4.83%;12.47%;0.38%;7.25%
PEC ¹2426;2497;0;780;40;12;808;2.32%;1.95%;3.66%;42.56%;1.59%;0.24%;15.12%;1.59%;1.83%;0.24%;3.90%;14.51%;0.37%;8.66%
PEC ¹2427;2383;0;694;61;12;743;2.65%;2.91%;3.44%;38.94%;1.46%;0.26%;16.95%;1.85%;2.91%;0.40%;6.62%;11.66%;0.40%;7.95%
PEC ¹2428;2693;0;756;15;13;758;2.98%;1.43%;3.89%;36.84%;1.56%;0.26%;16.99%;1.69%;3.76%;0.78%;4.67%;16.47%;0.91%;6.10%
PEC ¹2429;2887;0;705;16;11;710;2.77%;2.08%;2.77%;37.45%;0.97%;0.00%;18.59%;2.50%;3.47%;0.69%;4.58%;15.40%;0.83%;6.38%
PEC ¹2430;2742;0;746;11;12;743;3.84%;3.05%;4.11%;34.97%;2.12%;0.53%;19.07%;1.99%;2.65%;0.40%;5.83%;13.11%;1.19%;5.56%
PEC ¹2431;2327;0;647;22;30;639;4.04%;1.94%;2.24%;40.66%;1.64%;0.15%;16.29%;2.39%;2.39%;0.45%;7.03%;11.21%;0.90%;4.19%
PEC ¹2432;2695;0;861;7;7;854;3.72%;1.86%;3.25%;35.08%;2.21%;0.46%;11.15%;3.95%;4.88%;0.46%;11.61%;12.31%;0.58%;7.67%
PEC ¹2433;2516;0;807;8;7;808;4.42%;1.47%;2.82%;37.79%;2.70%;0.25%;12.52%;2.21%;4.91%;0.12%;7.73%;15.71%;0.37%;6.13%
PEC ¹2434;2679;0;824;4;8;820;3.26%;1.09%;3.26%;32.49%;2.66%;0.60%;15.46%;2.66%;4.83%;0.60%;11.47%;14.73%;0.36%;5.56%
PEC ¹2435;2611;0;791;11;16;786;3.12%;1.62%;1.75%;38.90%;1.75%;0.12%;15.21%;1.87%;3.74%;0.62%;8.73%;13.59%;0.87%;6.11%
PEC ¹2436;468;0;176;4;5;175;2.78%;1.11%;3.33%;35.00%;2.78%;0.56%;17.78%;1.11%;2.78%;0.00%;2.22%;16.11%;1.67%;10.00%
PEC ¹2437;2558;0;905;16;17;904;4.13%;2.39%;2.93%;38.00%;2.28%;0.43%;13.14%;2.28%;4.13%;0.33%;5.97%;14.44%;0.65%;7.06%
PEC ¹2438;2456;0;806;7;19;793;3.20%;2.83%;4.68%;33.13%;1.60%;0.62%;14.41%;3.33%;3.69%;0.37%;7.76%;15.02%;0.49%;6.53%
PEC ¹2439;2529;0;796;13;7;802;3.09%;1.85%;2.84%;36.22%;2.47%;0.62%;16.56%;3.58%;4.08%;0.12%;7.79%;13.47%;0.87%;5.56%
PEC ¹2440;2342;0;841;6;20;824;4.86%;1.30%;4.15%;33.65%;1.66%;0.24%;13.63%;3.08%;3.79%;0.12%;7.82%;17.06%;1.30%;4.98%
PEC ¹2441;2275;0;661;6;14;653;2.40%;1.80%;3.60%;37.93%;2.25%;0.45%;13.94%;2.99%;3.60%;0.45%;5.55%;14.09%;0.90%;7.95%
PEC ¹2442;2346;0;726;12;4;734;2.17%;2.85%;3.93%;37.67%;2.30%;0.41%;12.60%;2.03%;2.85%;0.27%;6.64%;18.02%;0.41%;7.32%
PEC ¹2443;2231;0;692;12;18;686;2.84%;1.56%;2.13%;43.75%;1.28%;0.99%;15.20%;1.99%;2.70%;0.00%;4.83%;11.65%;0.57%;7.95%
PEC ¹2444;2301;0;711;11;11;711;3.05%;2.35%;2.91%;34.35%;3.19%;0.83%;13.43%;2.22%;4.29%;0.42%;7.62%;15.24%;0.14%;8.45%
PEC ¹2445;2459;0;645;12;12;645;5.63%;1.98%;2.28%;32.57%;2.89%;0.46%;16.59%;2.13%;3.35%;0.00%;10.05%;11.57%;0.61%;8.07%
PEC ¹2446;2349;0;692;34;10;716;2.75%;1.93%;4.82%;38.71%;1.10%;0.55%;17.22%;1.24%;2.75%;0.14%;5.92%;12.53%;0.69%;8.26%
PEC ¹2447;2258;0;752;15;9;758;5.74%;1.43%;2.35%;35.85%;2.74%;0.39%;12.13%;3.52%;3.52%;0.13%;7.17%;14.99%;1.04%;7.82%
PEC ¹2448;2245;0;665;19;16;668;3.22%;1.75%;2.34%;38.30%;1.75%;0.58%;13.45%;2.34%;3.95%;0.58%;8.63%;13.60%;0.29%;6.87%
PEC ¹2449;2214;0;644;19;11;652;4.52%;3.47%;3.77%;34.84%;2.56%;1.06%;11.16%;2.26%;3.77%;0.45%;9.65%;15.69%;1.06%;4.07%
PEC ¹2450;2343;0;747;8;9;746;2.52%;2.12%;2.52%;31.66%;1.72%;0.53%;16.69%;1.85%;5.43%;0.26%;10.86%;15.10%;0.40%;7.15%
PEC ¹2451;2351;0;694;22;14;702;3.63%;2.65%;1.54%;31.56%;2.65%;0.42%;16.76%;2.93%;3.91%;0.14%;7.96%;15.78%;0.98%;7.12%
PEC ¹2452;2551;0;794;16;15;795;4.32%;1.48%;1.73%;38.52%;3.09%;0.37%;11.85%;2.96%;2.59%;0.99%;9.01%;13.33%;0.37%;7.53%
PEC ¹2453;2400;0;660;11;6;665;4.47%;2.68%;3.73%;38.90%;1.94%;0.45%;15.95%;3.43%;3.28%;0.00%;5.22%;12.37%;0.15%;6.56%
PEC ¹2454;2298;0;615;29;16;626;5.30%;1.71%;3.43%;36.45%;1.87%;0.00%;18.22%;2.18%;3.43%;0.62%;4.98%;14.80%;0.93%;3.58%
PEC ¹2455;2340;0;634;19;11;642;3.83%;3.22%;3.83%;37.98%;1.68%;0.15%;15.31%;3.06%;2.60%;0.15%;5.51%;13.63%;0.61%;6.74%
PEC ¹2456;2424;0;778;21;11;774;4.33%;2.17%;2.68%;36.18%;2.17%;0.38%;14.52%;2.04%;3.57%;0.38%;8.03%;13.89%;0.64%;7.64%
PEC ¹2457;2788;0;781;13;8;786;4.03%;1.51%;1.51%;37.78%;2.64%;0.38%;11.59%;3.90%;4.66%;0.63%;10.83%;12.72%;0.50%;6.30%
PEC ¹2458;2565;0;855;12;0;867;5.19%;1.85%;3.34%;32.30%;2.19%;0.12%;12.34%;3.81%;3.92%;0.35%;9.34%;17.42%;0.58%;7.27%
PEC ¹2459;2237;0;633;6;15;624;2.97%;2.03%;4.69%;37.56%;0.78%;0.63%;17.21%;3.44%;4.23%;0.31%;4.23%;12.99%;0.78%;5.79%
PEC ¹2460;2458;0;764;9;11;760;5.06%;3.63%;3.63%;32.94%;2.08%;0.65%;14.40%;3.11%;4.28%;0.26%;7.26%;12.32%;1.56%;7.39%
PEC ¹2461;2496;0;703;23;16;710;3.58%;1.93%;3.58%;38.02%;1.10%;0.14%;17.63%;3.86%;2.62%;0.41%;5.10%;10.74%;0.55%;8.54%
PEC ¹2462;1406;0;515;2;5;511;3.10%;2.71%;4.26%;35.85%;0.97%;0.39%;12.98%;3.10%;2.91%;0.19%;6.20%;18.41%;2.13%;5.81%
PEC ¹2463;1545;0;549;2;5;546;2.72%;2.54%;2.90%;33.76%;3.09%;0.18%;13.43%;3.63%;3.45%;0.36%;7.08%;16.88%;1.99%;7.08%
PEC ¹2464;2294;0;640;5;12;632;3.88%;1.86%;3.26%;38.98%;2.17%;0.16%;16.30%;2.33%;2.95%;0.31%;4.50%;12.58%;0.78%;8.07%
PEC ¹2465;2328;0;785;6;5;786;3.54%;2.28%;3.29%;34.89%;2.91%;0.25%;15.30%;2.28%;4.55%;0.00%;8.60%;13.40%;1.26%;6.83%
PEC ¹2466;2377;0;676;14;11;679;3.62%;2.03%;2.03%;44.20%;1.59%;1.01%;12.32%;2.61%;3.48%;0.43%;6.81%;11.01%;0.72%;6.52%
PEC ¹2467;2824;0;772;14;16;770;4.20%;2.04%;3.05%;36.39%;2.42%;0.76%;16.16%;4.07%;2.93%;0.00%;6.11%;12.09%;0.89%;6.87%
PEC ¹2468;2519;0;807;22;13;810;3.52%;1.34%;3.16%;39.00%;2.43%;0.12%;15.55%;2.07%;2.19%;0.24%;7.65%;13.49%;0.97%;6.68%
PEC ¹2469;2640;0;794;17;18;793;3.70%;1.97%;3.21%;42.05%;1.11%;0.49%;13.69%;2.71%;4.44%;0.86%;4.93%;9.25%;1.11%;8.26%
PEC ¹2470;2691;0;830;30;22;838;3.37%;1.51%;2.21%;36.86%;1.86%;0.23%;18.26%;3.14%;1.98%;0.12%;6.74%;12.79%;1.40%;6.98%
PEC ¹2471;2391;0;573;7;7;573;2.93%;1.55%;2.59%;38.97%;1.90%;0.34%;16.72%;2.93%;2.24%;0.17%;8.28%;11.55%;0.52%;8.10%
PEC ¹2472;2480;0;828;9;11;824;2.99%;2.28%;2.75%;39.40%;1.20%;0.36%;18.32%;2.99%;4.07%;0.00%;4.19%;12.46%;0.72%;6.95%
PEC ¹2473;2149;0;711;4;15;700;5.17%;2.24%;1.68%;37.20%;2.10%;0.28%;17.34%;2.66%;2.52%;0.42%;7.83%;12.17%;0.42%;5.87%
PEC ¹3422;1594;0;443;1;10;434;4.05%;1.80%;2.70%;32.43%;2.25%;0.45%;14.64%;5.63%;9.46%;0.23%;11.04%;7.88%;0.45%;4.73%
PEC ¹2474;2210;0;823;21;17;827;2.84%;2.37%;3.79%;27.61%;2.61%;0.36%;10.90%;3.79%;4.03%;0.12%;14.45%;15.64%;0.95%;8.53%
PEC ¹2475;2352;0;874;11;21;862;3.28%;2.27%;3.06%;33.07%;2.60%;0.23%;11.66%;2.49%;4.30%;0.34%;7.70%;17.67%;0.79%;8.15%
PEC ¹2476;2097;0;699;13;10;697;3.39%;2.12%;2.97%;32.39%;2.55%;0.28%;11.74%;3.82%;5.09%;0.00%;7.21%;16.41%;1.13%;9.48%
PEC ¹2477;652;0;247;0;5;242;3.64%;1.21%;1.62%;30.77%;2.43%;0.40%;10.93%;2.02%;7.69%;0.00%;13.77%;17.81%;0.40%;5.26%
PEC ¹2478;1088;0;330;9;10;329;2.65%;0.59%;3.83%;35.99%;2.36%;0.00%;14.16%;2.65%;2.06%;0.59%;8.85%;12.68%;0.00%;10.62%
PEC ¹2479;1483;0;479;10;15;465;2.08%;2.08%;3.13%;35.21%;2.29%;0.00%;12.50%;1.25%;3.13%;0.00%;10.21%;13.13%;1.04%;10.83%
PEC ¹2480;2297;0;734;20;23;728;2.93%;1.33%;2.26%;35.29%;1.86%;0.67%;14.65%;2.66%;3.86%;0.40%;6.26%;13.45%;0.80%;10.52%
PEC ¹2481;1629;0;632;16;8;640;3.40%;2.78%;3.40%;33.80%;1.23%;0.77%;11.73%;2.16%;5.71%;0.31%;8.18%;13.58%;1.85%;9.88%
PEC ¹2482;1685;0;579;7;16;570;4.27%;2.56%;3.58%;27.30%;1.88%;0.85%;11.43%;3.24%;4.78%;0.51%;12.63%;14.33%;0.00%;9.90%
PEC ¹2483;2542;0;852;16;10;850;4.19%;2.44%;3.14%;29.19%;2.44%;0.23%;13.02%;3.72%;3.26%;0.35%;14.42%;12.56%;0.58%;9.30%
PEC ¹2484;2336;0;825;14;15;821;2.75%;1.67%;2.03%;36.12%;1.20%;0.24%;10.89%;2.99%;2.99%;0.12%;11.12%;16.75%;0.72%;8.61%
PEC ¹2485;1769;0;504;13;5;512;2.32%;3.29%;3.29%;39.46%;1.35%;0.19%;11.99%;2.32%;2.90%;0.19%;7.16%;14.31%;0.58%;9.67%
PEC ¹2486;1747;0;586;23;8;599;1.81%;1.98%;3.29%;38.55%;3.95%;0.16%;11.86%;2.97%;4.28%;0.16%;9.06%;11.20%;0.99%;8.40%
PEC ¹2487;2729;0;928;21;49;882;1.61%;2.04%;3.87%;34.16%;1.40%;0.11%;13.75%;2.69%;3.97%;0.32%;8.38%;14.07%;0.21%;8.16%
PEC ¹2488;1596;0;521;8;16;512;4.92%;1.70%;3.22%;38.07%;2.08%;0.00%;14.20%;3.41%;1.52%;0.00%;5.87%;11.55%;0.76%;9.66%
PEC ¹2489;416;0;158;3;2;158;5.63%;1.88%;5.00%;29.38%;4.38%;0.63%;13.13%;0.63%;6.25%;0.00%;10.00%;10.63%;0.00%;11.25%
PEC ¹2490;2073;0;722;19;14;727;3.51%;1.48%;2.43%;30.36%;2.97%;0.54%;14.44%;4.32%;2.70%;0.00%;8.37%;17.68%;1.35%;7.96%
PEC ¹2491;1960;0;518;4;15;507;2.87%;2.11%;1.53%;40.42%;1.72%;0.57%;23.37%;1.15%;1.72%;0.38%;3.64%;12.45%;0.19%;4.98%
PEC ¹2492;1017;0;345;11;15;341;1.40%;2.25%;1.97%;39.61%;0.84%;0.00%;14.04%;2.53%;2.53%;0.00%;10.11%;12.36%;0.56%;7.58%
PEC ¹2493;1629;0;625;17;8;630;4.08%;0.47%;3.76%;32.92%;1.72%;0.16%;11.29%;3.13%;4.39%;0.78%;11.44%;15.52%;0.47%;8.62%
PEC ¹2494;2302;0;721;14;13;722;3.81%;1.90%;2.72%;38.50%;2.45%;0.00%;15.24%;2.18%;3.27%;0.14%;8.84%;11.43%;0.95%;6.80%
PEC ¹2495;1980;0;702;21;8;714;4.57%;2.35%;2.22%;27.29%;3.32%;0.14%;12.19%;5.26%;5.12%;0.14%;13.99%;13.71%;0.28%;8.31%
PEC ¹2496;2120;0;762;16;13;762;3.61%;1.94%;2.06%;32.00%;2.45%;0.13%;10.06%;2.84%;4.52%;0.00%;11.23%;17.81%;1.03%;8.65%
PEC ¹2497;1426;0;523;4;9;516;4.95%;2.10%;3.81%;35.43%;2.29%;0.19%;9.33%;2.10%;3.05%;0.57%;8.38%;18.48%;0.76%;6.86%
PEC ¹2498;1272;0;475;5;6;473;5.22%;1.46%;1.88%;29.85%;1.46%;0.21%;8.56%;4.18%;6.26%;0.42%;15.66%;15.24%;2.71%;5.64%
PEC ¹2499;1879;0;603;15;7;611;4.85%;1.13%;2.75%;37.54%;2.27%;0.49%;11.49%;3.24%;4.21%;0.00%;9.22%;14.24%;1.13%;6.31%
PEC ¹2500;1849;0;519;17;4;532;3.17%;2.24%;2.61%;39.55%;1.68%;0.37%;11.19%;2.24%;4.10%;0.19%;10.82%;11.38%;0.75%;8.96%
PEC ¹2501;109;0;48;2;1;49;2.00%;2.00%;8.00%;28.00%;2.00%;0.00%;14.00%;6.00%;10.00%;0.00%;6.00%;16.00%;0.00%;4.00%
PEC ¹2502;1971;0;669;14;13;670;5.56%;1.90%;3.22%;33.53%;3.51%;0.44%;10.98%;3.66%;2.64%;0.15%;11.86%;13.91%;0.59%;6.15%
PEC ¹2503;600;0;209;6;1;213;3.74%;1.40%;3.74%;29.44%;2.34%;0.00%;10.28%;2.34%;2.80%;0.47%;16.82%;19.16%;0.93%;6.07%
PEC ¹2504;2558;0;624;4;25;603;3.50%;2.07%;2.71%;41.24%;1.27%;0.32%;14.49%;1.75%;1.91%;0.16%;4.62%;11.78%;1.27%;8.92%
PEC ¹2505;2404;0;780;19;18;776;3.02%;0.88%;3.27%;40.30%;1.89%;0.00%;12.59%;2.14%;3.78%;0.25%;8.19%;14.23%;0.88%;6.30%
PEC ¹2506;2298;0;766;18;21;747;3.13%;2.08%;2.73%;33.98%;1.69%;0.26%;10.55%;3.13%;5.21%;0.26%;11.98%;14.84%;0.65%;6.77%
PEC ¹2507;1206;0;376;9;5;379;3.13%;0.26%;1.56%;43.49%;0.78%;0.52%;17.97%;2.08%;1.82%;0.00%;6.51%;9.11%;0.78%;10.68%
PEC ¹2508;2205;0;707;23;5;723;4.40%;1.92%;2.88%;30.77%;2.88%;0.14%;12.50%;3.02%;2.34%;0.14%;11.26%;15.38%;0.69%;10.99%
PEC ¹2509;1051;0;318;13;8;321;2.74%;1.22%;4.56%;36.17%;1.52%;0.00%;11.55%;3.34%;4.26%;0.61%;10.33%;10.33%;0.61%;10.33%
PEC ¹2510;1930;0;685;14;8;689;2.58%;2.15%;3.44%;29.56%;2.01%;0.14%;10.47%;4.59%;5.88%;0.43%;14.35%;15.49%;0.86%;6.89%
PEC ¹2511;2572;0;733;11;16;724;3.78%;1.35%;2.70%;37.57%;2.57%;0.41%;15.41%;2.57%;1.62%;0.00%;8.51%;14.32%;0.41%;6.62%
PEC ¹2512;1571;0;458;10;6;460;3.00%;0.64%;3.22%;36.70%;1.93%;0.64%;16.09%;1.72%;3.43%;0.21%;7.08%;12.45%;0.86%;10.73%
PEC ¹2513;2501;0;796;10;20;786;3.10%;2.11%;2.48%;39.33%;1.49%;0.00%;12.78%;2.11%;2.36%;0.37%;7.69%;15.14%;1.49%;7.07%
PEC ¹2514;1311;0;453;24;6;471;1.89%;1.68%;3.56%;35.64%;0.84%;0.42%;11.95%;5.24%;5.24%;0.21%;11.95%;12.16%;1.05%;6.92%
PEC ¹2515;1390;0;483;9;5;484;4.70%;1.84%;4.91%;31.70%;1.23%;0.82%;12.47%;1.64%;4.50%;0.20%;8.59%;14.93%;1.43%;10.02%
PEC ¹2516;1198;0;353;16;6;361;3.81%;1.09%;2.72%;36.51%;2.99%;0.82%;15.53%;2.18%;2.99%;0.27%;9.26%;10.63%;0.54%;8.99%
PEC ¹2517;1590;0;438;0;4;434;3.42%;2.05%;2.05%;41.10%;0.23%;0.00%;24.20%;1.37%;1.60%;0.23%;1.83%;13.01%;0.00%;7.99%
PEC ¹2518;2362;0;720;26;13;733;3.22%;1.74%;3.35%;34.99%;1.88%;0.40%;15.68%;2.95%;2.95%;0.13%;6.97%;11.39%;0.40%;12.20%
PEC ¹2519;1747;0;527;29;2;554;3.60%;2.52%;3.78%;36.69%;1.44%;0.36%;14.03%;3.60%;4.14%;0.72%;8.99%;12.05%;0.72%;7.01%
PEC ¹2520;1553;0;441;10;7;444;5.99%;2.88%;3.55%;36.14%;1.55%;0.22%;13.08%;2.44%;2.88%;0.00%;7.98%;13.97%;0.89%;6.87%
PEC ¹2521;1156;0;420;12;9;421;4.42%;0.93%;2.79%;34.42%;1.63%;0.00%;13.72%;4.42%;2.33%;0.47%;12.33%;11.86%;0.70%;7.91%
PEC ¹2522;2358;0;843;18;16;845;4.41%;1.86%;2.90%;30.31%;1.97%;0.23%;13.12%;2.90%;3.83%;0.35%;10.69%;14.17%;0.58%;10.80%
PEC ¹2523;1832;0;560;15;18;555;3.49%;1.40%;3.32%;38.05%;2.62%;0.00%;11.69%;2.27%;5.24%;0.00%;8.20%;16.58%;0.35%;3.66%
PEC ¹2524;888;0;275;5;3;277;3.93%;1.43%;4.64%;28.93%;1.43%;0.00%;12.50%;4.29%;3.57%;0.36%;13.93%;16.43%;0.71%;6.79%
PEC ¹2525;1951;0;653;17;13;656;2.84%;1.64%;2.09%;37.52%;1.79%;0.30%;13.00%;2.99%;2.99%;0.15%;13.90%;11.51%;0.45%;6.88%
PEC ¹2526;1571;0;546;5;10;541;5.44%;1.45%;3.99%;28.13%;1.99%;0.73%;11.62%;3.09%;3.99%;0.00%;15.61%;15.43%;1.45%;5.26%
PEC ¹2527;2460;0;770;9;22;750;5.05%;1.55%;2.20%;36.27%;2.33%;0.26%;11.01%;3.11%;3.50%;0.26%;10.49%;12.05%;1.17%;7.90%
PEC ¹2528;1635;0;602;13;6;609;3.90%;2.60%;2.76%;32.20%;1.63%;0.16%;10.73%;4.23%;5.04%;0.16%;9.92%;16.91%;0.98%;7.80%
PEC ¹2529;1604;0;585;24;8;601;2.30%;2.13%;2.63%;31.86%;1.81%;0.33%;7.88%;3.94%;4.60%;0.33%;13.79%;16.26%;0.49%;10.34%
PEC ¹2530;1721;0;703;7;15;695;5.77%;2.39%;3.38%;33.52%;2.11%;0.14%;11.97%;3.10%;3.52%;0.42%;8.59%;13.80%;0.99%;8.17%
PEC ¹2531;1200;0;441;8;7;442;4.45%;1.78%;2.90%;28.51%;2.67%;0.45%;10.91%;2.23%;4.45%;0.67%;14.03%;17.82%;0.67%;6.90%
PEC ¹2532;2309;0;885;16;12;887;4.78%;1.78%;4.12%;31.15%;2.22%;0.44%;8.68%;2.45%;3.89%;0.44%;12.24%;12.12%;0.11%;14.24%
PEC ¹2533;1629;0;598;19;13;604;4.21%;1.94%;3.73%;29.17%;1.78%;0.65%;11.35%;1.78%;3.57%;0.49%;9.56%;18.15%;0.49%;11.02%
PEC ¹2534;1424;0;452;7;4;454;3.28%;1.31%;1.97%;37.55%;0.66%;0.22%;18.56%;1.53%;1.97%;0.00%;3.93%;16.16%;1.09%;10.92%
PEC ¹2535;1135;0;369;10;6;372;3.17%;1.85%;2.38%;41.27%;1.06%;0.26%;8.20%;3.44%;2.38%;0.79%;9.26%;15.61%;0.53%;8.20%
PEC ¹2536;1925;0;667;12;17;661;3.98%;2.36%;2.65%;36.28%;2.36%;0.00%;15.49%;2.36%;2.36%;0.29%;7.82%;15.04%;0.74%;5.75%
PEC ¹2537;2100;0;685;12;24;669;3.61%;2.60%;3.61%;36.94%;1.88%;0.14%;13.42%;1.15%;2.45%;0.00%;9.09%;13.13%;0.00%;8.51%
PEC ¹2538;1612;0;563;11;4;567;2.28%;1.58%;4.38%;31.17%;1.23%;0.18%;9.63%;1.58%;3.15%;0.35%;16.46%;17.51%;0.70%;9.11%
PEC ¹2539;1681;0;621;15;14;622;3.46%;2.20%;2.67%;34.59%;1.89%;0.47%;11.16%;2.99%;3.46%;0.00%;9.12%;16.19%;0.79%;8.81%
PEC ¹2540;2177;0;766;19;17;767;2.81%;1.79%;3.70%;39.16%;1.66%;0.13%;10.33%;2.17%;4.08%;0.13%;7.91%;13.14%;0.64%;10.20%
PEC ¹3749;115;0;86;15;1;100;1.98%;0.99%;1.98%;46.53%;2.97%;0.00%;8.91%;0.99%;1.98%;0.00%;10.89%;14.85%;1.98%;4.95%
PEC ¹3750;115;0;55;59;2;112;3.51%;4.39%;7.02%;46.49%;0.00%;0.00%;6.14%;1.75%;1.75%;0.00%;4.39%;15.79%;0.88%;6.14%
PEC ¹8374;51;0;50;1;0;51;1.96%;0.00%;1.96%;62.75%;1.96%;0.00%;9.80%;3.92%;0.00%;0.00%;0.00%;5.88%;5.88%;5.88%
PEC ¹2047;219;0;178;32;8;202;1.43%;2.86%;2.86%;66.67%;0.95%;0.48%;10.95%;0.48%;0.48%;0.00%;0.95%;6.19%;0.95%;0.95%
PEC ¹2048;2234;0;1126;84;7;1203;2.15%;1.07%;1.49%;61.24%;1.32%;0.00%;9.26%;1.40%;2.07%;1.74%;3.97%;7.11%;0.41%;6.20%
PEC ¹2049;2403;0;1409;17;12;1414;4.84%;3.23%;3.23%;57.22%;3.65%;2.81%;5.33%;1.61%;1.12%;2.66%;0.70%;8.56%;0.56%;3.65%
PEC ¹2050;2159;0;1085;19;16;1088;2.26%;1.36%;1.72%;61.87%;1.09%;0.18%;9.60%;0.91%;1.63%;0.18%;4.71%;9.69%;0.27%;3.08%
PEC ¹2051;1865;0;674;33;11;696;2.97%;1.84%;4.38%;43.14%;1.27%;0.28%;11.60%;1.98%;3.54%;0.00%;5.66%;14.85%;0.99%;5.94%
PEC ¹2052;2331;0;1159;29;22;1166;2.53%;1.26%;3.54%;51.52%;0.93%;0.00%;8.92%;1.43%;3.20%;0.34%;4.63%;12.88%;0.34%;6.65%
PEC ¹2053;2390;0;1152;33;18;1167;2.19%;1.01%;2.45%;54.85%;2.03%;0.17%;8.19%;1.43%;2.36%;0.08%;7.34%;9.87%;0.25%;6.24%
PEC ¹2054;2357;0;894;13;12;895;3.97%;1.54%;2.76%;42.56%;1.54%;0.11%;13.23%;2.43%;2.65%;0.22%;7.06%;14.22%;0.66%;5.73%
PEC ¹2055;3022;0;944;11;20;935;2.30%;2.09%;2.41%;40.00%;1.99%;0.31%;14.97%;3.46%;3.14%;0.21%;7.33%;12.15%;0.94%;6.60%
PEC ¹2056;2402;0;757;22;13;766;3.59%;2.05%;2.70%;35.69%;1.41%;0.13%;17.33%;2.44%;3.72%;0.13%;7.70%;14.38%;0.51%;6.55%
PEC ¹2057;2382;0;793;21;14;800;3.81%;1.84%;3.93%;43.24%;1.97%;0.49%;12.65%;1.35%;3.07%;0.12%;6.39%;10.93%;0.74%;7.74%
PEC ¹2058;2657;0;855;19;4;870;3.43%;2.63%;2.06%;40.96%;2.06%;0.57%;13.04%;2.06%;3.78%;0.11%;7.78%;12.70%;0.57%;7.78%
PEC ¹2059;2528;0;1198;47;7;1238;1.53%;0.56%;1.45%;69.96%;0.72%;0.40%;9.56%;1.77%;1.93%;0.24%;2.89%;5.38%;0.24%;2.81%
PEC ¹2060;2737;0;882;13;9;880;3.60%;2.02%;2.70%;43.98%;1.12%;0.00%;15.30%;1.12%;2.47%;0.34%;8.99%;11.70%;1.01%;4.61%
PEC ¹2061;2521;0;808;21;6;822;3.02%;1.57%;3.02%;36.59%;2.17%;0.36%;15.46%;2.29%;2.90%;0.24%;6.88%;14.25%;0.36%;10.14%
PEC ¹2062;2243;0;755;29;5;779;4.08%;1.66%;3.32%;41.33%;2.17%;0.38%;15.05%;2.17%;3.44%;0.26%;6.89%;10.08%;0.51%;8.04%
PEC ¹2063;2548;0;1240;33;0;1273;1.89%;1.65%;2.75%;51.14%;1.65%;0.63%;11.70%;1.57%;2.59%;0.16%;5.73%;11.39%;0.39%;6.76%
PEC ¹2064;2239;0;686;29;18;697;3.08%;2.80%;2.66%;35.10%;3.22%;0.14%;11.75%;3.08%;3.92%;0.14%;8.39%;14.97%;0.70%;7.55%
PEC ¹2065;2373;0;1230;21;13;1225;2.26%;1.21%;0.24%;54.04%;1.53%;0.16%;6.70%;2.18%;3.15%;0.32%;11.07%;9.69%;0.57%;5.82%
PEC ¹2066;2107;0;785;29;12;802;2.33%;1.47%;2.70%;41.15%;1.60%;0.25%;13.76%;1.60%;2.70%;0.00%;9.58%;14.62%;0.12%;6.63%
PEC ¹2067;2225;0;943;25;10;900;4.29%;1.43%;0.99%;42.86%;1.87%;0.33%;11.10%;2.42%;3.63%;0.00%;9.56%;10.77%;0.77%;8.90%
PEC ¹2068;2351;0;709;34;10;733;3.10%;1.62%;2.42%;37.95%;2.56%;0.00%;11.04%;1.75%;2.83%;0.00%;10.77%;14.94%;0.27%;9.42%
PEC ¹2069;2196;0;1439;31;30;1440;1.97%;1.36%;1.63%;65.92%;1.22%;0.20%;7.14%;1.29%;1.84%;0.00%;4.08%;7.14%;0.14%;4.01%
PEC ¹2070;2058;0;701;15;18;694;3.51%;1.12%;1.54%;40.45%;2.11%;0.28%;13.90%;1.83%;3.51%;0.56%;6.88%;12.78%;0.42%;8.57%
PEC ¹2071;1473;0;426;22;3;445;2.01%;0.22%;1.56%;50.67%;1.56%;0.45%;11.38%;2.01%;1.56%;0.45%;7.14%;14.29%;0.22%;5.80%
PEC ¹2072;2225;0;940;25;25;940;1.45%;0.83%;1.24%;71.50%;0.41%;0.21%;7.15%;0.93%;1.24%;0.10%;3.94%;7.77%;0.52%;0.10%
PEC ¹2073;2031;0;840;57;14;883;1.56%;1.67%;3.01%;50.95%;2.01%;1.23%;10.26%;2.79%;2.90%;1.45%;5.69%;8.36%;1.67%;4.91%
PEC ¹2074;2078;0;808;25;54;779;2.52%;1.20%;2.64%;44.54%;1.20%;0.24%;10.80%;2.28%;4.32%;0.24%;6.84%;10.68%;0.24%;5.76%
PEC ¹2075;2109;0;750;10;17;743;1.97%;2.11%;3.29%;38.82%;2.63%;0.26%;14.08%;1.45%;1.58%;0.00%;8.29%;14.87%;0.53%;7.89%
PEC ¹2076;1888;0;650;31;14;667;3.67%;2.50%;2.06%;33.92%;1.62%;0.44%;11.31%;3.67%;3.96%;0.00%;12.92%;12.92%;0.44%;8.52%
PEC ¹2077;1773;0;672;8;12;668;1.03%;1.03%;3.53%;45.00%;1.32%;0.29%;15.29%;2.79%;1.76%;0.44%;6.62%;11.62%;0.59%;6.91%
PEC ¹2078;2314;0;791;22;5;808;1.60%;1.11%;0.49%;58.79%;0.25%;0.12%;10.82%;1.85%;2.09%;0.25%;5.66%;9.47%;1.23%;5.66%
PEC ¹2079;2446;0;853;42;14;867;1.82%;1.14%;1.25%;55.16%;1.48%;0.23%;10.56%;2.38%;2.50%;0.23%;4.65%;12.71%;0.23%;4.09%
PEC ¹2080;2178;0;696;28;9;713;2.77%;2.22%;2.91%;55.54%;1.66%;0.55%;9.42%;1.94%;1.52%;0.00%;4.99%;9.00%;0.42%;5.82%
PEC ¹2081;2399;0;1019;12;13;1005;2.75%;2.06%;2.46%;55.11%;1.77%;0.20%;9.92%;1.87%;1.67%;0.10%;4.52%;8.64%;0.49%;7.17%
PEC ¹2082;2491;0;813;35;9;839;1.06%;1.30%;0.94%;65.33%;1.06%;0.24%;8.37%;0.83%;0.94%;0.24%;1.06%;9.91%;0.71%;6.96%
PEC ¹2083;2430;0;769;34;8;795;1.74%;0.75%;2.37%;59.03%;0.25%;0.50%;10.96%;0.00%;2.12%;0.00%;4.11%;11.33%;0.99%;4.86%
PEC ¹2084;2135;0;693;16;18;691;4.51%;1.69%;1.41%;55.43%;1.41%;0.56%;8.04%;0.56%;2.82%;0.56%;6.06%;6.63%;0.56%;7.19%
PEC ¹2085;1933;0;629;26;2;653;2.44%;1.53%;1.22%;70.53%;1.22%;0.15%;6.11%;1.22%;2.75%;0.31%;2.60%;6.87%;0.46%;2.29%
PEC ¹2086;2241;0;624;19;7;636;4.35%;1.71%;2.02%;40.90%;3.58%;0.00%;9.80%;3.11%;3.42%;0.62%;9.02%;11.35%;0.16%;8.86%
PEC ¹2087;2547;0;791;31;13;809;4.50%;1.70%;3.28%;38.69%;1.58%;0.00%;12.53%;1.95%;1.70%;0.49%;6.69%;13.99%;0.73%;10.58%
PEC ¹2088;2687;0;827;20;11;836;2.13%;1.77%;1.89%;53.84%;1.77%;0.47%;8.74%;2.36%;2.95%;0.35%;5.43%;11.33%;0.83%;4.84%
PEC ¹2089;3101;0;1236;4;20;1218;3.72%;2.67%;2.75%;40.63%;1.78%;0.16%;14.22%;2.18%;3.55%;0.40%;4.68%;15.91%;1.62%;4.12%
PEC ¹2090;2205;0;974;5;5;974;3.68%;2.15%;2.45%;44.84%;1.94%;0.61%;10.52%;2.04%;2.35%;0.20%;6.64%;16.96%;1.02%;4.09%
PEC ¹2091;2512;0;1060;3;14;1046;2.55%;1.51%;2.64%;47.36%;2.45%;0.19%;9.25%;2.36%;1.42%;0.28%;4.06%;17.74%;0.94%;5.94%
PEC ¹2092;2267;0;762;40;12;784;2.01%;1.51%;3.14%;53.89%;1.76%;0.25%;9.17%;1.13%;1.76%;0.00%;6.03%;10.68%;0.25%;6.91%
PEC ¹2093;2222;0;635;20;11;644;1.98%;1.83%;1.37%;45.80%;1.53%;0.15%;14.05%;2.29%;2.14%;0.00%;6.56%;11.76%;1.22%;7.63%
PEC ¹2094;2246;0;616;102;8;709;2.37%;1.81%;2.37%;42.40%;1.95%;0.14%;11.72%;2.79%;3.49%;0.42%;7.67%;14.23%;0.14%;7.39%
PEC ¹2095;2107;0;672;41;10;703;1.54%;1.96%;3.09%;49.37%;1.26%;0.00%;13.32%;1.40%;1.96%;0.28%;4.91%;11.92%;0.56%;7.01%
PEC ¹2096;1833;0;551;28;22;557;4.49%;1.73%;2.07%;57.34%;2.25%;0.69%;5.01%;3.28%;2.59%;0.52%;4.66%;6.39%;0.35%;4.84%
PEC ¹2097;2366;0;798;26;0;824;1.46%;4.85%;0.97%;54.98%;2.79%;0.36%;9.22%;0.49%;2.79%;0.36%;2.91%;12.01%;1.82%;4.98%
PEC ¹2098;2239;0;730;36;0;766;1.96%;2.48%;2.48%;54.31%;3.26%;0.13%;11.88%;1.17%;2.35%;0.00%;3.00%;10.31%;0.26%;6.40%
PEC ¹2099;2650;0;899;29;0;926;3.78%;1.30%;2.27%;46.11%;1.40%;0.43%;12.53%;1.08%;2.48%;0.11%;5.18%;13.93%;0.76%;8.64%
PEC ¹2100;2251;0;787;40;13;814;2.54%;10.04%;3.02%;52.36%;1.21%;0.36%;10.16%;1.33%;2.54%;0.24%;5.32%;1.33%;0.36%;7.62%
PEC ¹2101;1672;0;587;43;13;617;1.43%;1.75%;1.90%;53.97%;1.11%;0.16%;12.86%;2.22%;1.43%;0.00%;4.13%;9.52%;0.48%;6.98%
PEC ¹2102;2488;0;698;25;21;702;4.15%;2.63%;2.63%;36.93%;2.21%;0.28%;12.31%;1.11%;2.35%;0.14%;6.36%;16.87%;0.28%;8.85%
PEC ¹2103;2158;0;555;16;5;563;1.41%;1.06%;2.82%;57.04%;0.88%;0.53%;12.50%;2.11%;1.94%;0.53%;5.81%;9.33%;0.00%;3.17%
PEC ¹2104;2367;0;850;28;0;878;3.08%;2.05%;2.16%;50.46%;1.48%;0.46%;10.71%;2.62%;1.94%;0.00%;6.26%;10.82%;0.80%;7.18%
PEC ¹2105;1941;0;687;18;11;694;1.13%;2.27%;2.41%;54.33%;1.56%;0.14%;10.07%;1.56%;1.99%;0.85%;5.11%;8.23%;0.43%;8.37%
PEC ¹2106;2199;0;856;18;10;864;3.43%;1.26%;3.55%;55.84%;1.14%;0.00%;12.70%;2.52%;0.69%;0.46%;4.92%;8.58%;0.00%;3.78%
PEC ¹2107;2382;0;676;27;2;701;1.56%;1.28%;1.14%;54.77%;1.28%;0.00%;13.37%;1.28%;2.56%;0.00%;4.55%;8.39%;0.43%;9.10%
PEC ¹2108;2451;0;701;13;18;693;2.39%;2.67%;3.66%;38.68%;2.67%;0.14%;15.47%;1.13%;2.81%;0.28%;7.74%;12.10%;0.42%;7.31%
PEC ¹2109;1894;0;607;15;15;606;3.86%;2.42%;0.48%;41.22%;1.29%;0.48%;13.53%;3.70%;3.22%;0.32%;4.83%;14.01%;0.32%;7.89%
PEC ¹2110;2571;0;722;7;12;717;3.57%;2.61%;3.29%;34.98%;2.61%;0.27%;20.16%;2.33%;2.61%;0.41%;5.76%;11.93%;0.41%;7.41%
PEC ¹2111;2466;0;865;15;13;865;2.05%;1.03%;0.34%;49.32%;0.34%;0.00%;16.06%;2.73%;2.85%;0.34%;4.10%;13.78%;0.11%;5.47%
PEC ¹2112;1711;0;534;14;15;533;2.74%;2.92%;2.55%;45.99%;1.64%;0.55%;11.50%;2.01%;3.28%;0.55%;5.47%;12.41%;0.36%;5.29%
PEC ¹2113;1814;0;850;1;0;850;1.18%;0.71%;1.41%;70.00%;0.59%;0.12%;11.18%;0.82%;0.94%;0.00%;2.47%;8.71%;0.35%;1.53%
PEC ¹2114;1818;0;509;13;0;522;1.72%;1.15%;1.34%;64.75%;1.72%;0.00%;10.54%;1.92%;1.15%;0.38%;1.92%;10.15%;0.38%;2.87%
PEC ¹2115;2843;0;902;7;10;899;2.86%;2.53%;3.08%;33.77%;2.20%;0.11%;16.17%;3.52%;2.31%;0.00%;6.05%;18.15%;0.88%;7.26%
PEC ¹2116;1860;0;620;5;11;604;2.93%;1.79%;3.25%;43.58%;1.95%;0.33%;14.63%;1.14%;2.28%;0.33%;6.83%;9.92%;0.16%;9.11%
PEC ¹2117;2741;0;993;5;13;975;4.05%;2.43%;3.04%;36.74%;0.40%;0.20%;11.13%;1.42%;2.63%;0.40%;9.21%;17.51%;0.71%;8.81%
PEC ¹3736;268;0;224;0;9;215;0.89%;4.46%;1.34%;38.84%;0.89%;0.45%;35.71%;0.45%;0.45%;0.89%;2.23%;5.80%;2.23%;1.34%
PEC ¹188;2782;0;1085;41;11;1113;3.56%;1.16%;1.96%;30.52%;1.78%;0.44%;13.35%;4.00%;5.16%;0.09%;12.63%;15.75%;0.53%;8.10%
PEC ¹189;1460;0;626;8;6;628;4.73%;2.21%;1.42%;29.02%;1.74%;0.47%;12.78%;5.05%;2.84%;0.63%;10.41%;16.72%;0.63%;10.41%
PEC ¹190;2406;0;906;35;13;926;3.30%;2.02%;2.45%;26.62%;1.81%;0.53%;10.86%;2.88%;5.64%;0.32%;15.55%;17.57%;0.64%;8.41%
PEC ¹191;2239;0;682;41;10;713;4.70%;1.94%;2.77%;30.15%;2.07%;0.69%;7.33%;2.90%;4.84%;0.55%;17.57%;13.55%;0.83%;8.71%
PEC ¹192;2352;0;904;31;11;923;3.85%;2.14%;3.96%;22.91%;1.82%;0.43%;5.35%;4.50%;5.35%;0.11%;27.52%;13.38%;0.21%;7.28%
PEC ¹193;2348;0;892;56;8;940;3.16%;1.27%;0.74%;29.96%;0.63%;0.21%;6.43%;4.43%;4.64%;0.21%;22.57%;17.09%;0.63%;7.17%
PEC ¹194;2899;0;970;30;15;985;4.50%;1.50%;2.50%;28.60%;1.10%;0.60%;9.00%;3.50%;5.30%;0.30%;18.70%;14.40%;0.50%;8.00%
PEC ¹195;2336;0;914;33;14;933;4.86%;2.32%;2.85%;29.04%;1.80%;0.42%;9.93%;2.11%;3.59%;0.21%;13.73%;16.79%;0.32%;10.56%
PEC ¹196;1944;0;681;14;15;679;2.16%;2.16%;2.45%;34.87%;2.16%;0.43%;7.78%;3.46%;6.48%;0.00%;13.98%;11.38%;0.43%;10.09%
PEC ¹197;2363;0;787;19;13;793;3.85%;1.86%;2.85%;31.39%;1.49%;0.00%;10.42%;2.36%;4.22%;0.62%;14.52%;13.03%;0.37%;11.41%
PEC ¹198;2451;0;857;25;10;867;4.68%;1.60%;2.39%;32.50%;2.28%;0.34%;8.10%;3.08%;3.88%;0.34%;14.94%;14.25%;0.80%;9.69%
PEC ¹199;2459;0;886;46;13;918;5.16%;1.40%;2.58%;25.13%;2.69%;0.43%;9.77%;4.40%;5.16%;0.11%;19.66%;11.39%;0.32%;10.42%
PEC ¹200;2060;0;691;23;10;703;4.35%;1.82%;3.37%;31.14%;1.96%;0.56%;12.90%;3.23%;3.51%;0.56%;13.04%;13.32%;0.14%;8.70%
PEC ¹201;2053;0;639;16;19;635;4.28%;1.68%;2.29%;32.11%;2.29%;0.00%;11.62%;2.75%;3.06%;0.00%;11.31%;15.90%;0.15%;9.63%
PEC ¹202;1439;0;492;0;7;485;2.44%;0.81%;2.85%;24.59%;1.83%;0.20%;6.71%;8.13%;14.63%;0.41%;25.61%;6.50%;0.61%;3.25%
PEC ¹203;2246;0;852;22;13;859;4.47%;1.95%;1.83%;25.46%;1.15%;0.23%;8.14%;3.33%;5.05%;0.34%;17.32%;16.86%;0.80%;11.58%
PEC ¹204;2167;0;730;21;11;737;3.88%;1.07%;3.48%;30.88%;1.34%;0.27%;8.69%;1.74%;6.42%;0.27%;13.64%;15.51%;0.40%;10.96%
PEC ¹205;2407;0;809;26;19;816;4.43%;1.32%;2.40%;31.02%;1.68%;0.48%;12.10%;3.95%;3.95%;0.48%;10.78%;15.81%;0.24%;9.10%
PEC ¹206;2447;0;885;32;16;900;3.93%;1.75%;2.40%;28.49%;1.64%;0.55%;9.28%;2.29%;4.04%;0.76%;15.07%;17.69%;0.66%;9.72%
PEC ¹3633;43;0;43;0;0;43;0.00%;4.65%;6.98%;27.91%;0.00%;0.00%;27.91%;0.00%;0.00%;2.33%;6.98%;16.28%;0.00%;6.98%
PEC ¹3634;86;0;16;70;1;85;1.16%;1.16%;4.65%;51.16%;2.33%;0.00%;13.95%;1.16%;3.49%;1.16%;4.65%;10.47%;0.00%;3.49%
PEC ¹3635;163;0;0;163;3;160;1.23%;3.07%;6.13%;46.63%;2.45%;0.00%;19.63%;0.61%;0.61%;0.00%;0.61%;8.59%;1.84%;6.75%
PEC ¹207;2441;0;894;19;16;897;4.38%;1.10%;2.08%;28.37%;1.75%;0.11%;8.54%;3.61%;6.57%;0.11%;17.63%;15.22%;0.66%;8.11%
PEC ¹208;2204;0;763;24;7;771;2.31%;2.31%;2.31%;28.92%;3.34%;0.51%;11.70%;3.60%;5.14%;0.26%;16.97%;12.72%;0.64%;8.35%
PEC ¹209;2411;0;666;25;11;680;4.78%;1.74%;2.60%;29.96%;2.60%;1.01%;11.87%;3.47%;4.49%;0.29%;16.64%;10.99%;0.14%;7.81%
PEC ¹210;2293;0;804;19;5;818;4.74%;1.46%;2.55%;22.48%;0.97%;0.49%;9.84%;3.52%;5.71%;0.36%;23.09%;14.95%;0.36%;8.87%
PEC ¹211;2154;0;694;19;19;694;3.23%;0.56%;2.81%;30.58%;2.66%;0.56%;13.32%;2.95%;4.21%;0.42%;13.32%;12.90%;0.70%;9.12%
PEC ¹212;1037;0;336;6;11;331;3.51%;0.88%;2.92%;26.32%;2.34%;0.88%;12.57%;2.05%;4.97%;0.29%;18.71%;12.57%;0.00%;8.77%
PEC ¹213;2127;0;672;17;15;656;3.87%;2.09%;4.77%;30.55%;1.34%;0.45%;11.18%;3.43%;6.11%;0.45%;13.41%;9.69%;0.75%;9.69%
PEC ¹214;2216;0;726;14;2;738;3.78%;1.49%;3.11%;27.16%;1.49%;0.14%;11.35%;3.11%;5.41%;0.27%;17.03%;16.89%;0.81%;7.70%
PEC ¹215;2175;0;750;18;6;759;3.92%;2.09%;2.88%;26.27%;2.22%;0.65%;11.24%;3.66%;5.88%;0.13%;18.17%;12.94%;0.00%;9.15%
PEC ¹216;2168;0;679;36;8;706;3.50%;1.82%;2.52%;28.71%;1.68%;0.00%;9.66%;3.78%;4.20%;0.84%;15.55%;17.79%;0.56%;8.26%
PEC ¹217;2395;0;909;22;14;917;4.83%;1.61%;1.72%;37.06%;0.75%;0.32%;11.17%;2.79%;3.87%;0.32%;14.18%;12.67%;0.75%;6.44%
PEC ¹3636;529;0;447;0;13;434;3.36%;1.57%;3.58%;43.62%;1.34%;0.00%;18.12%;1.57%;2.24%;0.00%;4.70%;9.84%;0.22%;6.94%
PEC ¹3637;99;0;99;0;2;97;3.03%;6.06%;4.04%;46.46%;1.01%;0.00%;8.08%;0.00%;5.05%;0.00%;3.03%;14.14%;1.01%;6.06%
PEC ¹3638;20;0;19;0;2;17;0.00%;0.00%;10.53%;36.84%;5.26%;0.00%;21.05%;0.00%;0.00%;0.00%;0.00%;10.53%;0.00%;5.26%
PEC ¹218;2466;0;790;23;11;802;2.34%;1.23%;2.34%;33.83%;1.97%;0.12%;13.16%;2.83%;5.29%;0.37%;10.46%;14.27%;0.74%;9.72%
PEC ¹219;654;0;302;0;14;288;1.32%;2.32%;0.66%;35.43%;0.00%;0.00%;30.46%;1.66%;1.32%;0.66%;1.66%;13.58%;0.99%;5.30%
PEC ¹220;2939;0;889;33;31;890;2.06%;2.28%;3.47%;36.59%;1.09%;0.00%;12.05%;1.95%;2.28%;0.33%;8.47%;14.12%;0.33%;11.62%
PEC ¹221;2739;0;729;22;19;732;3.06%;3.06%;1.99%;35.55%;0.93%;0.93%;18.77%;1.86%;2.66%;0.27%;7.06%;11.58%;0.13%;9.59%
PEC ¹222;2606;0;800;32;12;820;3.00%;2.16%;3.13%;36.78%;1.44%;0.72%;10.46%;3.00%;3.49%;0.36%;7.81%;15.63%;0.96%;9.62%
PEC ¹223;3006;0;860;29;16;873;5.17%;0.90%;2.36%;35.10%;1.80%;0.22%;15.07%;1.80%;3.60%;0.00%;8.99%;11.70%;0.45%;11.02%
PEC ¹224;2819;0;830;28;7;848;2.57%;2.11%;3.63%;37.31%;0.94%;0.47%;16.14%;1.40%;1.87%;0.23%;7.37%;15.67%;0.35%;9.12%
PEC ¹225;2645;0;790;22;24;786;3.33%;1.36%;2.59%;37.65%;0.86%;0.62%;14.94%;3.21%;1.85%;0.12%;6.54%;12.10%;0.49%;11.36%
PEC ¹226;2038;0;657;15;10;662;3.57%;2.68%;2.83%;33.18%;1.93%;0.15%;14.88%;1.93%;1.64%;0.30%;7.59%;17.56%;0.15%;10.12%
PEC ¹227;2324;0;675;33;17;691;1.13%;1.13%;4.24%;41.95%;2.26%;0.28%;15.54%;1.84%;1.69%;0.00%;6.78%;11.44%;0.28%;9.04%
PEC ¹228;2181;0;716;18;10;724;4.50%;1.77%;3.41%;33.24%;2.32%;0.00%;14.58%;1.91%;4.09%;0.41%;6.40%;15.12%;0.27%;10.63%
PEC ¹229;2132;0;530;24;14;540;2.35%;1.08%;3.79%;36.64%;0.90%;0.18%;18.59%;1.99%;2.89%;0.18%;5.23%;11.91%;0.72%;11.01%
PEC ¹230;2177;0;620;40;14;646;3.79%;1.82%;4.55%;33.48%;1.36%;0.00%;16.06%;2.42%;2.58%;0.00%;8.18%;13.94%;0.15%;9.55%
PEC ¹231;2208;0;636;20;13;642;3.82%;1.53%;2.75%;39.24%;1.07%;0.31%;15.88%;1.83%;2.75%;0.31%;5.95%;12.67%;0.31%;9.62%
PEC ¹232;2346;0;660;34;10;684;4.47%;2.31%;3.17%;35.73%;1.87%;0.72%;13.54%;1.59%;3.17%;0.43%;7.49%;13.40%;0.58%;10.09%
PEC ¹233;2556;0;856;31;18;869;3.49%;2.03%;2.25%;35.85%;1.13%;0.45%;14.54%;2.71%;3.04%;0.00%;7.67%;12.18%;0.79%;11.84%
PEC ¹234;2492;0;699;47;23;723;2.68%;0.54%;2.55%;37.67%;2.55%;0.80%;14.08%;2.68%;2.14%;0.40%;7.37%;13.27%;0.40%;9.79%
PEC ¹235;2420;0;788;24;17;795;2.59%;1.48%;2.22%;35.59%;0.86%;0.25%;16.87%;2.22%;3.33%;0.00%;6.53%;15.52%;1.35%;9.11%
PEC ¹236;2544;0;800;26;14;812;2.42%;0.85%;2.54%;36.44%;2.18%;0.48%;15.38%;2.30%;3.15%;0.12%;7.63%;13.56%;0.73%;10.53%
PEC ¹237;2668;0;795;22;15;802;3.06%;1.35%;2.69%;38.68%;2.20%;0.00%;11.99%;3.06%;3.18%;0.12%;9.42%;13.59%;0.61%;8.20%
PEC ¹238;2632;0;835;19;20;833;3.28%;1.52%;2.23%;34.82%;1.29%;0.35%;16.99%;3.28%;2.81%;0.23%;10.08%;12.31%;0.35%;8.09%
PEC ¹3639;63;0;63;0;1;62;4.76%;1.59%;1.59%;34.92%;3.17%;0.00%;15.87%;0.00%;1.59%;0.00%;4.76%;22.22%;0.00%;7.94%
PEC ¹3640;141;0;0;141;1;140;2.13%;0.71%;1.42%;47.52%;2.13%;0.71%;21.99%;0.00%;3.55%;0.71%;9.22%;3.55%;2.84%;2.84%
PEC ¹257;2353;0;815;37;16;832;2.83%;2.00%;2.95%;36.44%;1.18%;0.47%;12.85%;1.06%;3.89%;0.00%;10.02%;15.21%;0.59%;8.61%
PEC ¹258;2352;0;744;35;25;754;4.49%;1.93%;3.47%;33.50%;1.28%;0.13%;15.79%;2.31%;2.70%;0.13%;7.45%;13.74%;0.51%;9.37%
PEC ¹259;2647;0;890;25;25;865;3.48%;1.91%;3.60%;36.74%;1.12%;0.00%;13.71%;3.26%;4.16%;0.79%;6.97%;11.12%;1.46%;8.88%
PEC ¹260;2291;0;703;27;20;710;4.52%;1.51%;3.70%;36.99%;1.51%;0.14%;15.34%;3.01%;2.05%;0.00%;5.48%;15.34%;0.14%;7.53%
PEC ¹261;2295;0;685;30;6;709;2.66%;1.12%;3.50%;37.48%;1.68%;0.56%;14.27%;2.52%;2.66%;0.28%;9.51%;14.69%;0.70%;7.55%
PEC ¹262;2316;0;718;23;17;724;1.75%;1.48%;3.24%;39.81%;0.94%;0.27%;14.98%;1.21%;1.62%;0.13%;6.21%;14.57%;0.81%;10.66%
PEC ¹263;2084;0;623;35;11;644;4.58%;1.37%;3.36%;38.78%;1.53%;0.15%;14.96%;2.29%;2.29%;0.15%;7.63%;11.60%;0.15%;9.47%
PEC ¹264;2644;0;813;14;23;801;4.13%;2.06%;3.76%;36.17%;2.67%;0.24%;14.08%;2.55%;3.28%;0.12%;7.28%;11.29%;0.61%;8.98%
PEC ¹265;2673;0;871;16;13;874;1.92%;1.92%;2.93%;36.64%;1.01%;0.23%;16.35%;2.59%;3.83%;0.34%;9.36%;13.87%;0.79%;6.76%
PEC ¹266;2327;0;678;18;13;680;3.03%;0.87%;2.45%;42.14%;2.02%;0.29%;15.15%;3.03%;1.59%;0.14%;4.18%;13.56%;0.87%;8.80%
PEC ¹267;2728;0;830;16;15;826;2.26%;1.90%;2.73%;39.60%;1.07%;0.24%;16.05%;2.14%;2.02%;0.00%;5.83%;14.86%;0.48%;9.04%
PEC ¹268;2521;0;754;32;11;742;3.98%;1.06%;1.86%;37.98%;1.20%;0.53%;15.67%;3.59%;4.12%;0.00%;8.10%;11.29%;0.53%;8.63%
PEC ¹269;2671;0;852;12;14;850;2.55%;1.50%;3.47%;33.91%;1.62%;0.35%;17.01%;2.31%;3.13%;0.58%;9.26%;14.93%;0.58%;7.18%
PEC ¹270;2574;0;937;10;23;917;4.04%;1.70%;2.87%;37.34%;1.49%;0.00%;12.98%;2.34%;3.30%;0.64%;7.55%;15.32%;0.85%;7.13%
PEC ¹271;2415;0;867;25;13;879;3.48%;1.57%;3.36%;32.06%;1.46%;0.67%;15.47%;3.81%;2.58%;0.11%;8.97%;13.79%;0.45%;10.76%
PEC ¹272;2500;0;808;18;28;798;1.94%;1.45%;2.42%;37.29%;1.69%;0.12%;12.11%;2.30%;3.63%;0.00%;8.84%;15.13%;0.97%;8.72%
PEC ¹273;2527;0;809;18;10;817;3.51%;2.30%;2.66%;38.45%;2.06%;0.12%;12.94%;2.54%;2.54%;0.73%;6.41%;14.99%;0.85%;8.71%
PEC ¹274;2661;0;892;17;21;884;2.10%;2.32%;1.77%;41.88%;1.66%;0.55%;14.48%;1.44%;2.54%;0.11%;6.30%;13.15%;0.33%;9.06%
PEC ¹275;2515;0;798;29;19;804;3.16%;2.19%;3.77%;36.33%;1.09%;0.24%;13.97%;1.70%;2.55%;0.12%;5.59%;16.65%;0.73%;9.60%
PEC ¹276;2576;0;786;32;13;805;3.55%;1.83%;2.57%;34.23%;1.22%;0.37%;17.97%;1.96%;2.69%;0.12%;4.65%;15.04%;0.49%;11.74%
PEC ¹277;2180;0;721;22;14;729;3.36%;2.02%;3.77%;41.18%;1.21%;0.54%;13.19%;1.62%;2.83%;0.13%;7.13%;12.79%;0.54%;7.81%
PEC ¹278;2586;0;839;16;14;839;3.28%;1.64%;2.93%;40.80%;1.64%;0.35%;14.19%;1.99%;1.88%;0.23%;5.98%;13.72%;0.23%;9.50%
PEC ¹279;2792;0;888;20;19;885;3.98%;1.88%;2.43%;40.82%;1.11%;0.22%;15.71%;1.77%;3.32%;0.00%;6.64%;11.06%;0.55%;8.41%
PEC ¹280;2648;0;947;14;8;939;3.27%;1.27%;2.75%;36.54%;1.37%;0.63%;14.04%;2.53%;3.27%;0.32%;5.60%;16.79%;0.63%;10.14%
PEC ¹307;2072;0;643;30;9;664;3.12%;1.78%;3.57%;41.75%;1.34%;0.15%;16.05%;2.97%;1.78%;0.00%;4.01%;11.14%;0.74%;10.25%
PEC ¹308;2881;0;844;26;12;856;2.65%;1.84%;2.42%;40.78%;0.46%;0.58%;16.24%;2.07%;1.15%;0.35%;4.84%;14.17%;0.35%;10.71%
PEC ¹309;2332;0;649;41;7;683;3.19%;1.45%;3.62%;41.59%;1.59%;0.29%;12.46%;1.59%;1.30%;0.14%;7.25%;13.33%;0.14%;11.01%
PEC ¹310;2810;0;822;50;15;856;2.30%;1.61%;3.79%;40.87%;1.95%;0.11%;16.07%;1.72%;1.49%;0.34%;5.97%;12.97%;0.57%;8.50%
PEC ¹311;2347;0;736;42;19;717;2.17%;1.63%;2.45%;38.99%;0.68%;0.14%;15.22%;2.31%;3.53%;0.27%;6.93%;15.08%;0.41%;7.61%
PEC ¹312;2683;0;822;11;15;818;3.96%;1.80%;1.56%;40.70%;1.92%;0.72%;16.21%;1.80%;2.64%;0.12%;3.60%;13.09%;0.48%;9.60%
PEC ¹313;2123;0;722;13;12;722;3.54%;0.82%;3.41%;39.10%;1.36%;0.27%;20.44%;2.18%;1.91%;0.14%;3.54%;10.76%;0.82%;10.08%
PEC ¹314;2175;0;659;12;16;655;2.98%;1.94%;1.34%;43.67%;0.75%;0.45%;20.27%;1.64%;1.94%;0.15%;2.98%;11.77%;0.60%;7.15%
PEC ¹315;2513;0;852;29;20;857;3.99%;1.25%;2.96%;34.78%;0.91%;0.11%;13.45%;1.60%;3.53%;0.23%;7.07%;15.62%;0.80%;11.40%
PEC ¹316;2589;0;867;19;19;866;3.16%;2.26%;4.07%;35.71%;2.15%;0.11%;15.37%;1.24%;2.94%;0.23%;6.33%;12.99%;0.68%;10.62%
PEC ¹317;2201;0;717;34;7;744;2.26%;2.26%;3.99%;36.35%;1.60%;0.27%;16.51%;1.46%;1.86%;0.13%;4.79%;15.45%;0.80%;11.32%
PEC ¹318;2354;0;805;42;11;835;2.48%;1.77%;2.48%;40.31%;1.06%;0.35%;18.20%;1.30%;1.77%;0.12%;4.96%;13.12%;0.35%;10.40%
PEC ¹319;2806;0;854;36;18;868;2.03%;1.02%;3.84%;41.53%;0.79%;0.11%;16.37%;1.58%;1.47%;0.11%;4.40%;14.22%;0.56%;9.93%
PEC ¹320;2205;0;693;31;6;714;1.94%;2.64%;2.22%;43.33%;0.83%;0.00%;15.56%;0.97%;2.22%;0.00%;4.17%;14.44%;0.28%;10.56%
PEC ¹321;2354;0;770;42;13;773;3.69%;1.78%;4.45%;38.80%;1.15%;0.00%;16.16%;2.67%;1.65%;0.00%;5.85%;12.85%;0.13%;9.16%
PEC ¹322;2350;0;761;30;14;777;3.67%;1.77%;2.02%;36.66%;1.52%;0.38%;16.31%;1.39%;3.03%;0.38%;6.57%;14.16%;0.25%;10.11%
PEC ¹323;2447;0;705;26;12;717;5.21%;2.06%;2.33%;36.63%;1.23%;0.00%;17.42%;2.06%;2.74%;0.41%;6.17%;12.07%;0.55%;9.47%
PEC ¹324;2662;0;840;34;20;848;2.53%;1.73%;2.65%;36.18%;1.15%;0.58%;14.86%;2.30%;3.23%;0.23%;5.88%;15.90%;0.58%;9.91%
PEC ¹325;2530;0;816;30;11;830;4.04%;1.31%;3.33%;35.08%;2.26%;0.24%;15.10%;2.38%;3.09%;0.36%;6.30%;14.98%;0.83%;9.39%
PEC ¹326;2709;0;828;42;18;852;3.91%;1.72%;1.95%;36.21%;1.26%;0.34%;15.40%;2.53%;2.64%;0.46%;5.86%;14.60%;0.57%;10.46%
PEC ¹327;2733;0;750;39;12;772;2.42%;1.40%;2.81%;36.73%;1.91%;0.13%;16.71%;2.17%;1.91%;0.13%;6.63%;15.05%;0.51%;9.95%
PEC ¹328;2248;0;557;16;16;557;2.27%;1.92%;1.57%;40.66%;1.75%;0.00%;17.45%;1.92%;2.27%;0.35%;4.71%;10.82%;0.52%;10.99%
PEC ¹3642;196;0;57;139;0;196;2.04%;3.06%;7.14%;43.37%;2.55%;0.51%;12.24%;1.53%;0.51%;0.00%;5.10%;14.29%;0.00%;7.65%
PEC ¹329;2573;0;856;39;14;879;3.47%;2.69%;2.69%;37.29%;1.12%;0.34%;15.57%;2.13%;2.24%;0.11%;4.82%;15.23%;0.45%;10.30%
PEC ¹330;2426;0;757;43;22;778;2.38%;1.00%;2.00%;36.38%;1.63%;0.63%;14.75%;1.63%;3.00%;0.13%;8.75%;12.13%;0.50%;12.38%
PEC ¹331;2568;0;833;40;14;859;3.32%;2.18%;3.09%;38.26%;1.72%;0.57%;12.49%;2.06%;2.29%;0.11%;4.70%;14.20%;0.69%;12.71%
PEC ¹332;2605;0;752;47;19;780;4.01%;1.63%;4.01%;36.55%;0.75%;0.13%;14.27%;1.50%;2.75%;0.25%;7.13%;12.27%;0.63%;11.76%
PEC ¹333;2537;0;819;40;19;840;3.96%;1.16%;3.03%;33.29%;2.68%;0.00%;14.20%;2.56%;3.38%;0.23%;7.33%;15.13%;0.12%;10.71%
PEC ¹334;2622;0;764;38;12;790;3.12%;1.12%;2.87%;38.03%;0.99%;0.37%;15.09%;2.62%;2.74%;0.37%;6.23%;13.09%;0.75%;11.10%
PEC ¹335;117;0;59;58;0;117;1.71%;0.00%;0.00%;97.44%;0.00%;0.00%;0.00%;0.00%;0.00%;0.00%;0.85%;0.00%;0.00%;0.00%
PEC ¹336;2788;0;930;58;16;971;3.44%;2.33%;2.84%;39.82%;1.32%;0.10%;14.18%;2.94%;2.74%;0.10%;8.00%;13.37%;0.10%;7.09%
PEC ¹337;2797;0;825;68;21;872;2.46%;1.34%;2.58%;41.77%;1.46%;0.22%;15.45%;1.57%;2.46%;0.00%;5.26%;14.45%;0.45%;8.17%
PEC ¹338;2788;0;876;51;22;904;3.24%;1.40%;2.92%;32.18%;2.16%;0.22%;16.95%;2.70%;5.29%;0.22%;6.91%;13.39%;0.76%;9.29%
PEC ¹339;2658;0;743;30;18;755;3.23%;0.91%;3.23%;37.65%;1.03%;0.78%;17.46%;1.42%;3.75%;0.13%;8.28%;11.13%;0.39%;8.28%
PEC ¹340;2745;0;831;64;19;876;2.68%;1.45%;3.69%;36.87%;1.45%;0.11%;15.31%;2.35%;2.57%;0.56%;6.93%;12.51%;0.89%;10.50%
PEC ¹341;2861;0;916;37;19;934;3.57%;3.36%;2.83%;32.42%;1.89%;0.21%;13.12%;2.52%;5.04%;0.63%;7.87%;13.75%;0.63%;10.18%
PEC ¹342;2516;0;721;11;13;719;2.73%;0.68%;3.28%;34.84%;1.09%;0.14%;16.26%;2.05%;2.87%;0.27%;7.10%;17.35%;0.41%;9.15%
PEC ¹343;2767;0;844;43;13;872;4.18%;0.90%;3.28%;36.27%;2.15%;0.34%;13.67%;1.81%;3.84%;0.11%;7.68%;14.12%;0.79%;9.38%
PEC ¹344;2688;0;802;92;19;871;3.15%;1.57%;3.15%;36.40%;2.02%;0.34%;16.29%;0.90%;2.58%;0.00%;7.42%;13.71%;0.45%;9.89%
PEC ¹345;2787;0;770;34;15;784;2.63%;2.00%;3.13%;34.92%;1.13%;0.38%;18.40%;1.38%;2.13%;0.25%;4.76%;15.39%;0.50%;11.14%
PEC ¹346;2324;0;733;21;20;734;2.92%;1.86%;2.52%;37.40%;1.59%;0.13%;15.52%;3.32%;3.18%;0.40%;8.36%;12.60%;0.27%;7.29%
PEC ¹347;2045;0;692;21;18;695;3.23%;2.10%;3.23%;40.25%;1.96%;0.42%;15.71%;1.26%;3.09%;0.14%;6.87%;12.34%;0.28%;6.59%
PEC ¹348;2076;0;491;14;16;489;3.37%;1.78%;1.98%;35.05%;0.59%;0.00%;21.39%;1.39%;1.19%;0.20%;4.55%;17.62%;0.20%;7.52%
PEC ¹349;2387;0;642;9;17;634;1.69%;2.46%;1.69%;40.40%;1.23%;0.00%;19.35%;1.69%;2.61%;0.31%;4.15%;13.06%;0.61%;8.14%
PEC ¹350;2287;0;647;16;18;645;2.11%;1.51%;3.47%;39.37%;0.60%;0.30%;18.55%;2.11%;1.96%;0.00%;5.13%;15.54%;0.75%;5.88%
PEC ¹3643;288;0;233;0;7;225;1.72%;2.16%;3.88%;62.50%;1.72%;0.86%;10.34%;1.29%;0.43%;0.00%;0.43%;7.76%;0.86%;3.02%
PEC ¹351;2678;0;901;40;9;924;3.00%;2.14%;3.86%;31.83%;2.25%;0.32%;9.54%;3.32%;3.00%;0.11%;12.54%;16.72%;0.43%;9.97%
PEC ¹352;2337;0;791;21;9;801;4.20%;1.48%;1.98%;33.21%;0.99%;0.12%;13.09%;2.96%;4.69%;0.37%;12.96%;14.20%;0.37%;8.27%
PEC ¹353;2432;0;863;36;11;886;4.46%;0.78%;3.12%;32.44%;1.23%;0.45%;10.48%;2.79%;3.12%;0.11%;11.82%;15.61%;0.22%;12.15%
PEC ¹354;2449;0;997;30;22;1003;4.10%;2.15%;2.24%;39.61%;1.76%;0.49%;11.51%;1.56%;3.41%;0.49%;6.83%;13.56%;0.59%;9.56%
PEC ¹355;2545;0;792;31;10;813;3.16%;1.82%;2.79%;31.83%;2.43%;0.24%;14.22%;2.19%;4.50%;0.24%;9.60%;15.19%;0.36%;10.21%
PEC ¹356;2007;0;650;17;10;655;1.95%;1.35%;3.16%;39.25%;1.35%;0.60%;15.94%;2.86%;3.01%;0.30%;5.56%;12.18%;0.60%;10.38%
PEC ¹357;2552;0;754;19;22;751;4.40%;1.94%;3.49%;34.15%;1.68%;0.13%;13.32%;1.94%;4.79%;0.39%;9.83%;11.77%;0.39%;8.93%
PEC ¹358;2772;0;951;44;21;972;2.82%;1.81%;2.32%;32.73%;2.01%;0.50%;12.69%;3.22%;4.13%;0.20%;11.88%;12.99%;0.30%;10.27%
PEC ¹359;2835;0;918;18;20;913;3.32%;0.96%;3.97%;30.87%;2.57%;0.43%;14.79%;4.29%;3.43%;0.00%;13.40%;12.86%;0.32%;6.65%
PEC ¹360;2248;0;688;8;10;685;5.47%;0.72%;4.03%;38.56%;2.01%;0.14%;15.83%;2.45%;2.16%;0.29%;5.18%;13.67%;1.01%;7.05%
PEC ¹361;2763;0;919;23;24;916;2.98%;1.28%;3.94%;32.98%;2.34%;0.11%;13.94%;2.23%;2.34%;0.21%;9.26%;14.36%;0.32%;11.17%
PEC ¹362;2667;0;890;23;14;893;2.54%;1.76%;3.42%;30.87%;1.43%;0.11%;11.69%;2.32%;3.97%;0.55%;8.93%;18.08%;0.66%;12.13%
PEC ¹363;2666;0;820;25;13;829;3.68%;1.66%;2.26%;34.68%;2.26%;0.12%;15.80%;2.61%;3.92%;0.24%;9.26%;13.42%;0.48%;8.08%
PEC ¹364;2784;0;775;19;15;779;3.15%;1.64%;3.53%;35.77%;1.64%;0.13%;11.46%;2.39%;5.54%;0.00%;11.59%;12.09%;0.88%;8.31%
PEC ¹365;2665;0;821;20;14;826;3.21%;3.10%;3.69%;35.60%;1.19%;0.24%;14.64%;2.02%;3.57%;0.00%;10.60%;11.55%;0.60%;8.33%
PEC ¹366;2674;0;744;46;30;760;4.18%;1.52%;3.04%;36.33%;1.01%;0.25%;12.53%;2.91%;3.29%;0.25%;7.72%;15.06%;0.63%;7.47%
PEC ¹367;2590;0;909;25;15;918;3.64%;0.75%;4.93%;33.33%;1.29%;0.86%;13.18%;1.93%;3.00%;0.21%;10.72%;14.04%;0.32%;10.18%
PEC ¹368;2837;0;947;25;16;956;3.91%;0.72%;2.47%;32.82%;2.67%;0.51%;11.21%;2.88%;5.45%;0.31%;11.93%;12.24%;0.31%;10.91%
PEC ¹369;2722;0;915;22;26;910;2.24%;1.39%;2.46%;34.19%;1.92%;0.32%;12.18%;2.67%;3.85%;0.21%;9.19%;16.45%;0.75%;9.40%
PEC ¹370;2560;0;863;39;14;887;5.66%;1.78%;3.44%;36.51%;1.55%;0.22%;10.88%;2.55%;3.11%;0.67%;7.21%;13.76%;0.11%;10.99%
PEC ¹371;2191;0;704;21;18;705;5.26%;1.52%;3.87%;31.67%;1.66%;0.41%;12.45%;3.18%;2.77%;0.28%;9.54%;14.38%;0.28%;10.24%
PEC ¹372;2502;0;843;25;19;848;2.65%;1.73%;2.77%;32.06%;2.65%;0.46%;11.19%;2.31%;4.04%;0.12%;13.26%;14.19%;0.46%;9.92%
PEC ¹373;2642;0;937;46;19;962;4.59%;2.04%;2.34%;28.75%;2.14%;0.31%;10.70%;3.98%;5.61%;0.31%;13.05%;13.56%;0.41%;10.30%
PEC ¹374;2464;0;748;26;16;755;3.37%;2.08%;2.98%;30.87%;1.30%;0.39%;10.25%;3.24%;3.50%;0.26%;12.97%;14.40%;0.65%;11.67%
PEC ¹3645;155;0;89;0;0;89;3.37%;2.25%;2.25%;47.19%;2.25%;0.00%;13.48%;0.00%;6.74%;0.00%;3.37%;13.48%;1.12%;4.49%
PEC ¹3646;392;0;334;0;10;324;1.80%;3.59%;1.20%;38.92%;1.50%;0.60%;19.16%;0.90%;0.60%;0.30%;1.80%;18.26%;0.30%;8.08%
PEC ¹390;2438;0;854;32;13;873;4.51%;1.69%;2.26%;28.56%;1.47%;0.34%;11.40%;3.39%;5.53%;0.23%;15.01%;12.98%;0.56%;10.61%
PEC ¹391;2095;0;632;36;17;646;4.98%;1.21%;2.71%;33.18%;1.96%;0.15%;7.39%;2.56%;6.49%;0.00%;16.44%;11.31%;0.75%;8.30%
PEC ¹392;2195;0;617;29;18;628;2.63%;1.39%;1.86%;32.82%;1.39%;0.15%;10.53%;4.33%;4.80%;0.15%;11.76%;15.48%;0.46%;9.44%
PEC ¹393;2749;0;933;27;14;943;4.39%;1.57%;2.93%;31.77%;1.46%;0.31%;9.93%;2.72%;5.85%;0.10%;16.09%;12.54%;0.10%;8.78%
PEC ¹394;2294;0;665;14;15;664;4.86%;1.03%;3.83%;28.42%;2.95%;0.15%;11.93%;1.18%;5.60%;0.44%;11.78%;15.76%;0.29%;9.57%
PEC ¹395;2412;0;699;36;8;726;2.45%;1.91%;2.18%;31.34%;1.09%;0.41%;14.71%;1.50%;3.54%;0.54%;11.99%;13.08%;0.68%;13.49%
PEC ¹396;2558;0;826;24;11;837;3.18%;1.89%;3.07%;32.67%;2.00%;0.71%;14.62%;3.54%;3.30%;0.35%;10.50%;16.04%;0.47%;6.37%
PEC ¹397;2454;0;676;39;12;701;3.09%;2.66%;1.40%;31.70%;1.40%;0.84%;14.31%;3.23%;3.51%;0.56%;12.76%;14.17%;0.14%;8.56%
PEC ¹398;2139;0;725;20;10;735;5.64%;1.74%;1.61%;33.83%;1.34%;0.13%;11.41%;1.74%;5.77%;0.27%;12.35%;13.69%;1.07%;8.05%
PEC ¹399;2556;0;854;39;11;879;3.37%;1.57%;3.37%;32.81%;1.91%;0.34%;11.35%;2.58%;4.61%;0.67%;12.70%;12.92%;0.67%;9.89%
PEC ¹400;2829;0;1373;30;35;1363;3.29%;2.00%;1.65%;42.63%;2.79%;0.14%;15.95%;2.50%;1.93%;0.29%;6.08%;9.94%;1.00%;7.30%
PEC ¹401;2681;0;944;39;14;954;2.99%;2.38%;2.89%;30.68%;2.79%;0.41%;9.92%;2.27%;3.93%;0.10%;13.22%;13.02%;0.41%;13.53%
PEC ¹402;2313;0;763;45;13;795;4.21%;1.61%;3.59%;31.44%;1.24%;0.25%;10.40%;2.85%;4.33%;0.37%;13.37%;12.50%;0.50%;11.76%
PEC ¹403;2633;0;854;40;21;873;4.36%;1.57%;3.69%;30.98%;1.34%;0.34%;11.30%;2.68%;4.03%;0.34%;13.20%;13.65%;0.22%;9.96%
PEC ¹404;2844;0;951;43;22;972;3.82%;1.71%;2.31%;27.97%;1.91%;0.30%;12.27%;3.52%;5.43%;0.10%;14.89%;14.29%;0.60%;8.65%
PEC ¹3649;39;0;35;3;0;38;2.63%;2.63%;2.63%;50.00%;2.63%;0.00%;13.16%;0.00%;2.63%;0.00%;18.42%;0.00%;0.00%;5.26%
PEC ¹3650;207;0;138;52;7;183;5.26%;1.58%;4.21%;36.84%;1.05%;0.53%;13.16%;2.63%;2.63%;0.00%;5.26%;13.16%;0.53%;9.47%
PEC ¹405;2452;0;964;17;11;970;3.98%;1.53%;2.04%;23.65%;2.04%;0.31%;7.03%;3.26%;7.75%;0.31%;20.90%;13.25%;0.41%;12.44%
PEC ¹406;2120;0;754;34;23;761;4.59%;1.15%;2.17%;24.49%;1.91%;0.77%;8.93%;2.93%;3.95%;0.13%;17.47%;14.54%;0.38%;13.65%
PEC ¹407;2304;0;827;32;8;850;3.15%;1.86%;3.26%;29.37%;1.28%;0.58%;7.11%;0.93%;5.59%;0.12%;17.95%;17.95%;0.47%;9.44%
PEC ¹408;2411;0;881;17;10;881;3.93%;1.46%;2.92%;23.57%;2.58%;0.22%;8.08%;2.81%;6.17%;0.34%;18.07%;17.40%;0.79%;10.55%
PEC ¹409;2774;0;916;10;12;914;4.43%;1.84%;1.94%;27.11%;1.94%;0.54%;8.64%;2.92%;7.99%;0.43%;19.98%;11.99%;0.65%;8.32%
PEC ¹410;2049;0;634;17;12;638;5.38%;1.85%;2.62%;33.54%;1.23%;0.15%;11.85%;2.77%;4.92%;0.31%;12.00%;13.69%;0.00%;7.85%
PEC ¹411;1991;0;764;23;15;770;4.71%;1.53%;2.29%;28.03%;2.42%;0.13%;13.12%;3.57%;5.22%;0.25%;15.67%;13.50%;0.64%;7.01%
PEC ¹412;1704;0;615;17;11;619;3.65%;1.11%;2.70%;26.51%;2.38%;0.32%;7.30%;4.60%;4.92%;0.16%;17.14%;17.94%;0.79%;8.73%
PEC ¹413;2391;0;891;32;29;886;4.26%;1.75%;4.15%;24.81%;1.64%;0.66%;9.29%;3.39%;6.34%;0.44%;15.30%;13.22%;0.55%;11.04%
PEC ¹414;2117;0;813;32;10;831;5.35%;2.38%;2.73%;24.85%;1.43%;0.00%;8.32%;4.40%;4.88%;0.00%;18.79%;13.79%;0.36%;11.53%
PEC ¹415;2458;0;925;28;21;931;4.31%;2.10%;2.42%;28.68%;1.26%;0.21%;7.56%;3.36%;3.99%;0.11%;17.75%;16.60%;0.63%;8.82%
PEC ¹416;2059;0;791;20;10;799;5.44%;0.74%;3.21%;23.49%;2.10%;0.49%;8.16%;4.57%;6.18%;0.12%;23.49%;9.64%;0.37%;10.75%
PEC ¹417;2036;0;791;16;15;791;3.47%;1.36%;3.85%;24.57%;1.36%;0.37%;7.44%;4.09%;6.45%;0.50%;21.84%;13.52%;0.12%;9.18%
PEC ¹418;2504;0;966;19;14;968;4.28%;1.22%;2.14%;25.46%;2.34%;0.81%;10.39%;5.09%;3.56%;0.00%;15.99%;16.50%;0.10%;10.69%
PEC ¹3651;26;0;26;0;2;24;0.00%;0.00%;3.85%;46.15%;3.85%;3.85%;19.23%;0.00%;0.00%;0.00%;0.00%;7.69%;0.00%;7.69%
PEC ¹419;2508;0;977;26;15;988;3.29%;1.99%;2.39%;26.32%;2.19%;0.50%;12.26%;3.09%;4.69%;0.40%;15.65%;15.05%;0.20%;10.47%
PEC ¹420;2418;0;818;35;13;840;3.87%;1.88%;3.28%;27.32%;2.23%;0.23%;9.03%;3.99%;2.93%;0.12%;14.54%;16.41%;0.70%;11.96%
PEC ¹421;2553;0;868;31;19;873;4.37%;2.24%;3.14%;31.05%;2.24%;0.90%;11.66%;2.35%;3.36%;0.00%;12.56%;13.57%;0.45%;9.98%
PEC ¹422;2397;0;833;32;19;843;3.60%;1.51%;3.25%;28.42%;2.32%;0.46%;10.79%;3.13%;5.10%;0.23%;11.60%;16.94%;0.93%;9.51%
PEC ¹423;2586;0;817;35;11;838;2.83%;1.77%;2.59%;33.57%;1.41%;0.47%;9.78%;3.53%;3.89%;0.00%;13.55%;14.72%;0.47%;10.13%
PEC ¹424;2433;0;792;32;12;811;4.01%;1.70%;2.43%;27.22%;1.70%;0.36%;9.72%;5.10%;5.35%;0.12%;15.19%;14.70%;0.12%;10.81%
PEC ¹425;2110;0;762;31;18;775;2.90%;2.02%;2.90%;29.13%;1.51%;1.01%;12.99%;3.66%;3.03%;0.38%;13.75%;14.38%;0.38%;9.71%
PEC ¹426;2625;0;938;44;16;961;4.09%;1.54%;3.07%;25.49%;2.76%;0.31%;11.16%;3.58%;3.48%;0.20%;15.97%;16.27%;0.41%;10.03%
PEC ¹427;2048;0;692;15;14;693;2.97%;2.12%;0.71%;25.88%;1.84%;0.28%;7.07%;3.39%;4.95%;0.42%;15.84%;20.79%;0.42%;11.32%
PEC ¹428;2428;0;815;32;21;826;3.42%;0.94%;3.42%;29.40%;0.94%;0.24%;10.63%;2.95%;3.54%;0.35%;13.11%;14.76%;0.47%;13.34%
PEC ¹429;1944;0;581;25;20;586;4.79%;1.82%;1.98%;32.51%;2.64%;0.17%;13.70%;1.65%;2.48%;0.17%;10.23%;14.36%;0.17%;10.07%
PEC ¹430;2219;0;602;29;9;621;4.29%;1.75%;2.22%;33.17%;1.90%;0.16%;11.75%;2.54%;4.44%;0.16%;10.79%;12.70%;0.95%;11.75%
PEC ¹431;2325;0;640;29;15;654;0.90%;1.35%;3.44%;36.17%;2.09%;0.30%;15.70%;3.89%;2.99%;0.00%;11.21%;13.75%;0.30%;5.68%
PEC ¹432;2119;0;625;19;9;634;3.42%;3.11%;2.02%;37.01%;0.93%;0.62%;15.24%;2.64%;3.58%;0.16%;8.24%;14.46%;0.00%;7.15%
PEC ¹433;2539;0;723;41;19;744;3.54%;2.75%;2.10%;32.63%;1.97%;0.26%;16.38%;1.57%;2.88%;0.26%;6.03%;18.74%;1.05%;7.34%
PEC ¹434;2826;0;1017;48;17;1041;3.50%;1.42%;2.65%;31.00%;1.98%;0.19%;11.53%;1.98%;4.16%;0.19%;11.44%;14.74%;0.38%;13.23%
PEC ¹435;1355;0;425;19;13;426;2.73%;1.37%;1.59%;28.25%;2.28%;0.00%;11.85%;1.82%;3.64%;0.23%;18.45%;12.98%;0.46%;11.39%
PEC ¹436;2564;0;970;37;18;986;3.29%;1.59%;3.29%;25.99%;2.19%;0.50%;10.26%;3.29%;4.58%;0.10%;16.43%;15.74%;0.70%;10.26%
PEC ¹437;2912;0;863;34;24;870;2.13%;1.68%;2.35%;29.08%;2.13%;0.67%;10.63%;3.24%;5.93%;0.45%;15.32%;14.32%;0.78%;8.61%
PEC ¹438;2665;0;1032;30;17;1042;3.40%;2.08%;3.49%;25.50%;2.36%;0.38%;12.94%;3.02%;4.63%;0.09%;18.41%;12.28%;0.38%;9.44%
PEC ¹439;2199;0;831;13;7;832;3.58%;0.83%;4.05%;26.46%;2.15%;0.60%;13.71%;3.10%;5.13%;0.24%;12.75%;14.06%;0.72%;11.80%
PEC ¹3653;187;0;140;47;8;179;2.14%;2.14%;3.74%;31.55%;0.53%;0.00%;14.97%;2.67%;2.67%;0.53%;11.76%;12.83%;0.53%;9.63%
PEC ¹461;3506;0;1583;9;38;1553;3.39%;2.01%;3.02%;36.14%;2.20%;0.44%;17.03%;1.95%;3.33%;0.19%;7.79%;11.88%;0.75%;7.48%
PEC ¹462;2877;0;960;11;16;955;4.33%;1.24%;3.09%;35.74%;2.16%;0.41%;15.76%;2.57%;3.71%;0.41%;10.71%;11.23%;0.62%;6.39%
PEC ¹463;2488;0;920;18;17;921;3.84%;1.71%;3.30%;33.26%;2.35%;0.11%;10.34%;2.88%;4.37%;0.32%;8.42%;19.30%;0.75%;7.25%
PEC ¹464;2850;0;1096;12;18;1090;4.06%;1.44%;3.52%;32.04%;1.71%;0.00%;14.62%;1.90%;3.52%;0.18%;11.10%;15.70%;0.72%;7.85%
PEC ¹465;2740;0;1009;28;11;1024;2.99%;1.26%;2.90%;31.30%;1.64%;1.16%;15.56%;3.57%;4.73%;0.10%;11.11%;15.07%;0.39%;7.15%
PEC ¹466;2068;0;802;16;11;807;4.52%;1.59%;3.18%;30.93%;2.81%;0.37%;10.27%;3.18%;4.40%;0.24%;14.79%;15.53%;0.24%;6.60%
PEC ¹467;2617;0;1070;34;21;1080;5.90%;1.18%;3.18%;27.25%;2.09%;0.82%;9.45%;2.91%;4.54%;0.18%;14.71%;17.08%;0.45%;8.36%
PEC ¹468;2074;0;855;17;11;860;4.82%;0.80%;2.64%;33.18%;1.38%;0.34%;12.28%;2.53%;3.90%;0.23%;12.40%;13.78%;0.69%;9.76%
PEC ¹469;2098;0;2080;18;50;2045;4.96%;1.19%;1.34%;47.92%;1.86%;0.29%;12.03%;1.15%;2.72%;0.24%;7.59%;10.69%;0.95%;4.68%
PEC ¹470;2444;0;905;20;28;896;2.27%;2.60%;2.06%;23.81%;1.62%;0.32%;9.74%;3.25%;7.03%;0.22%;18.94%;14.72%;0.43%;9.96%
PEC ¹471;2666;0;859;27;10;871;3.52%;2.16%;2.50%;30.19%;1.59%;0.68%;9.65%;3.75%;7.38%;0.11%;17.48%;12.71%;0.45%;6.70%
PEC ¹472;2612;0;924;40;15;944;3.75%;1.56%;2.82%;24.40%;1.98%;0.21%;7.40%;4.07%;4.80%;0.10%;19.29%;19.29%;0.52%;8.24%
PEC ¹473;2322;0;793;0;9;784;4.92%;1.01%;1.13%;29.89%;2.14%;0.63%;6.68%;3.78%;12.23%;0.25%;22.07%;8.58%;0.50%;5.04%
PEC ¹474;2450;0;811;1;8;804;4.31%;1.35%;2.09%;27.09%;2.09%;0.74%;10.96%;5.17%;10.47%;0.49%;20.20%;8.99%;0.99%;4.06%
PEC ¹475;2256;0;828;12;11;828;5.01%;0.72%;2.15%;31.11%;2.86%;0.48%;12.04%;5.01%;3.93%;0.48%;17.28%;12.40%;0.60%;4.65%
PEC ¹476;2555;0;922;4;17;909;3.56%;1.62%;1.62%;31.97%;2.38%;0.54%;11.66%;3.56%;7.56%;0.00%;16.09%;10.91%;0.86%;5.83%
PEC ¹477;1868;0;799;40;10;828;3.82%;1.91%;3.34%;33.17%;1.79%;0.36%;11.69%;2.63%;3.82%;0.00%;12.05%;14.56%;0.84%;8.83%
PEC ¹478;1890;0;552;30;10;571;4.30%;2.75%;2.07%;32.53%;1.20%;0.17%;7.40%;2.93%;3.96%;0.00%;17.38%;16.18%;0.69%;6.71%
PEC ¹479;1786;0;563;2;5;560;4.07%;0.88%;1.95%;40.71%;1.77%;0.35%;8.32%;6.02%;7.08%;0.00%;15.93%;7.79%;0.53%;3.72%
PEC ¹3417;509;0;230;3;6;225;5.19%;1.73%;2.16%;43.29%;1.30%;0.00%;10.82%;1.73%;3.03%;0.00%;9.09%;11.26%;0.00%;7.79%
